grna_id,grna_target
ADAMTS7_1,ADAMTS7
ADAMTS7_2,ADAMTS7
ADAMTS7_3,ADAMTS7
ADAMTS7_4,ADAMTS7
ADAMTS7_5,ADAMTS7
ALDH2_1,ALDH2
ALDH2_2,ALDH2
ALDH2_3,ALDH2
ALDH2_4,ALDH2
ALDH2_5,ALDH2
BMP1_1,BMP1
BMP1_2,BMP1
BMP1_3,BMP1
BMP1_4,BMP1
BMP1_5,BMP1
CDKN2B_1,CDKN2B
CDKN2B_2,CDKN2B
CDKN2B_3,CDKN2B
CDKN2B_4,CDKN2B
CDKN2B_5,CDKN2B
COL3A1_1,COL3A1
COL3A1_2,COL3A1
COL3A1_3,COL3A1
COL3A1_4,COL3A1
COL3A1_5,COL3A1
CSDE1_1,CSDE1
CSDE1_2,CSDE1
CSDE1_3,CSDE1
CSDE1_4,CSDE1
CSDE1_5,CSDE1
FBLN1_1,FBLN1
FBLN1_2,FBLN1
FBLN1_3,FBLN1
FBLN1_4,FBLN1
FBLN1_5,FBLN1
FBLN5_1,FBLN5
FBLN5_2,FBLN5
FBLN5_3,FBLN5
FBLN5_4,FBLN5
FBLN5_5,FBLN5
FHL3_1,FHL3
FHL3_2,FHL3
FHL3_3,FHL3
FHL3_4,FHL3
FHL3_5,FHL3
GATA4_1,GATA4
GATA4_2,GATA4
GATA4_3,GATA4
GATA4_4,GATA4
GATA4_5,GATA4
HNF1A_1,HNF1A
HNF1A_2,HNF1A
HNF1A_3,HNF1A
HNF1A_4,HNF1A
HNF1A_5,HNF1A
KLF4_1,KLF4
KLF4_2,KLF4
KLF4_3,KLF4
KLF4_4,KLF4
KLF4_5,KLF4
LAMA2_1,LAMA2
LAMA2_2,LAMA2
LAMA2_3,LAMA2
LAMA2_4,LAMA2
LAMA2_5,LAMA2
LAMP2_1,LAMP2
LAMP2_2,LAMP2
LAMP2_3,LAMP2
LAMP2_4,LAMP2
LAMP2_5,LAMP2
LGALS3_1,LGALS3
LGALS3_2,LGALS3
LGALS3_3,LGALS3
LGALS3_4,LGALS3
LGALS3_5,LGALS3
LOX_1,LOX
LOX_2,LOX
LOX_3,LOX
LOX_4,LOX
LOX_5,LOX
LOXL1_1,LOXL1
LOXL1_2,LOXL1
LOXL1_3,LOXL1
LOXL1_4,LOXL1
LOXL1_5,LOXL1
MAFB_1,MAFB
MAFB_2,MAFB
MAFB_3,MAFB
MAFB_4,MAFB
MAFB_5,MAFB
MMP2_1,MMP2
MMP2_2,MMP2
MMP2_3,MMP2
MMP2_4,MMP2
MMP2_5,MMP2
MTAP_1,MTAP
MTAP_2,MTAP
MTAP_3,MTAP
MTAP_4,MTAP
MTAP_5,MTAP
MYOCD_1,MYOCD
MYOCD_2,MYOCD
MYOCD_3,MYOCD
MYOCD_4,MYOCD
MYOCD_5,MYOCD
NKX2-5_1,NKX2-5
NKX2-5_2,NKX2-5
NKX2-5_3,NKX2-5
NKX2-5_4,NKX2-5
NKX2-5_5,NKX2-5
NOS3_1,NOS3
NOS3_2,NOS3
NOS3_3,NOS3
NOS3_4,NOS3
NOS3_5,NOS3
NOTCH2_1,NOTCH2
NOTCH2_2,NOTCH2
NOTCH2_3,NOTCH2
NOTCH2_4,NOTCH2
NOTCH2_5,NOTCH2
NOTCH3_1,NOTCH3
NOTCH3_2,NOTCH3
NOTCH3_3,NOTCH3
NOTCH3_4,NOTCH3
NOTCH3_5,NOTCH3
PCOLCE_1,PCOLCE
PCOLCE_2,PCOLCE
PCOLCE_3,PCOLCE
PCOLCE_4,PCOLCE
PCOLCE_5,PCOLCE
PHACTR1_1,PHACTR1
PHACTR1_2,PHACTR1
PHACTR1_3,PHACTR1
PHACTR1_4,PHACTR1
PHACTR1_5,PHACTR1
PRRX1_1,PRRX1
PRRX1_2,PRRX1
PRRX1_3,PRRX1
PRRX1_4,PRRX1
PRRX1_5,PRRX1
SERPINE1_1,SERPINE1
SERPINE1_2,SERPINE1
SERPINE1_3,SERPINE1
SERPINE1_4,SERPINE1
SERPINE1_5,SERPINE1
SMAD2_1,SMAD2
SMAD2_2,SMAD2
SMAD2_3,SMAD2
SMAD2_4,SMAD2
SMAD2_5,SMAD2
SMAD3_1,SMAD3
SMAD3_2,SMAD3
SMAD3_3,SMAD3
SMAD3_4,SMAD3
SMAD3_5,SMAD3
SMAD4_1,SMAD4
SMAD4_2,SMAD4
SMAD4_3,SMAD4
SMAD4_4,SMAD4
SMAD4_5,SMAD4
SMAD6_1,SMAD6
SMAD6_2,SMAD6
SMAD6_3,SMAD6
SMAD6_4,SMAD6
SMAD6_5,SMAD6
SNAI1_1,SNAI1
SNAI1_2,SNAI1
SNAI1_3,SNAI1
SNAI1_4,SNAI1
SNAI1_5,SNAI1
SNAI2_1,SNAI2
SNAI2_2,SNAI2
SNAI2_3,SNAI2
SNAI2_4,SNAI2
SNAI2_5,SNAI2
SREBF1_1,SREBF1
SREBF1_2,SREBF1
SREBF1_3,SREBF1
SREBF1_4,SREBF1
SREBF1_5,SREBF1
TAGLN_1,TAGLN
TAGLN_2,TAGLN
TAGLN_3,TAGLN
TAGLN_4,TAGLN
TAGLN_5,TAGLN
TBX5_1,TBX5
TBX5_2,TBX5
TBX5_3,TBX5
TBX5_4,TBX5
TBX5_5,TBX5
TCF21_1,TCF21
TCF21_2,TCF21
TCF21_3,TCF21
TCF21_4,TCF21
TCF21_5,TCF21
TGFB1_1,TGFB1
TGFB1_2,TGFB1
TGFB1_3,TGFB1
TGFB1_4,TGFB1
TGFB1_5,TGFB1
TGFB2_1,TGFB2
TGFB2_2,TGFB2
TGFB2_3,TGFB2
TGFB2_4,TGFB2
TGFB2_5,TGFB2
TGFBI_1,TGFBI
TGFBI_2,TGFBI
TGFBI_3,TGFBI
TGFBI_4,TGFBI
TGFBI_5,TGFBI
TIMP3_1,TIMP3
TIMP3_2,TIMP3
TIMP3_3,TIMP3
TIMP3_4,TIMP3
TIMP3_5,TIMP3
TPM2_1,TPM2
TPM2_2,TPM2
TPM2_3,TPM2
TPM2_4,TPM2
TPM2_5,TPM2
VCAM1_1,VCAM1
VCAM1_2,VCAM1
VCAM1_3,VCAM1
VCAM1_4,VCAM1
VCAM1_5,VCAM1
VCAN_1,VCAN
VCAN_2,VCAN
VCAN_3,VCAN
VCAN_4,VCAN
VCAN_5,VCAN
VEGFA_1,VEGFA
VEGFA_2,VEGFA
VEGFA_3,VEGFA
VEGFA_4,VEGFA
VEGFA_5,VEGFA
WWTR1_1,WWTR1
WWTR1_2,WWTR1
WWTR1_3,WWTR1
WWTR1_4,WWTR1
WWTR1_5,WWTR1
ZEB1_1,ZEB1
ZEB1_2,ZEB1
ZEB1_3,ZEB1
ZEB1_4,ZEB1
ZEB1_5,ZEB1
ZEB2_1,ZEB2
ZEB2_2,ZEB2
ZEB2_3,ZEB2
ZEB2_4,ZEB2
ZEB2_5,ZEB2
BACH1_1,BACH1
BACH1_2,BACH1
BACH1_3,BACH1
BACH1_4,BACH1
BACH1_5,BACH1
INO80_1,INO80
INO80_2,INO80
INO80_3,INO80
INO80_4,INO80
INO80_5,INO80
KDM4B_1,KDM4B
KDM4B_2,KDM4B
KDM4B_3,KDM4B
KDM4B_4,KDM4B
KDM4B_5,KDM4B
REST_1,REST
REST_2,REST
REST_3,REST
REST_4,REST
REST_5,REST
SMARCA4_1,SMARCA4
SMARCA4_2,SMARCA4
SMARCA4_3,SMARCA4
SMARCA4_4,SMARCA4
SMARCA4_5,SMARCA4
STAT6_1,STAT6
STAT6_2,STAT6
STAT6_3,STAT6
STAT6_4,STAT6
STAT6_5,STAT6
negative_control_1,non-targeting
negative_control_2,non-targeting
negative_control_3,non-targeting
negative_control_4,non-targeting
negative_control_5,non-targeting
negative_control_6,non-targeting
negative_control_7,non-targeting
negative_control_8,non-targeting
negative_control_9,non-targeting
negative_control_10,non-targeting
negative_control_11,non-targeting
negative_control_12,non-targeting
negative_control_13,non-targeting
0Safe_safe_DTKP_205680.5631_1,non-targeting
0Safe_safe_DTKP_205590.5541_1,non-targeting
0Safe_safe_UNA1_209400.4101_1,non-targeting
0Safe_safe_ACOC_204957.4908_1,non-targeting
0Safe_safe_UNA3_210840.6291_1,non-targeting
0Safe_safe_ACOC_204621.4572_1,non-targeting
0Safe_safe_UNA1_209318.4019_1,non-targeting
0Safe_safe_DTKP_205813.5764_1,non-targeting
0Safe_safe_UNA2_210479.3680_1,non-targeting
0Safe_safe_UNA3_210954.6405_1,non-targeting
0Safe_safe_UNA2_210519.3720_1,non-targeting
0Safe_safe_UNA1_209556.4257_1,non-targeting
