#Guide_Name,Prefix,Guide_Sequence,Suffix,Target_Gene
ADAMTS7_1,ATCTTGTGGAAAGGACGAAACACCG,CTCGGTCCGCGGGCAACAA,gtttAagagctaTGCTGGAAACAGCAtagcaagt,ADAMTS7
ADAMTS7_2,ATCTTGTGGAAAGGACGAAACACCG,GCCGGCGCGGGGTCCACAA,gtttAagagctaTGCTGGAAACAGCAtagcaagt,ADAMTS7
ADAMTS7_3,ATCTTGTGGAAAGGACGAAACACCG,GGAAGACGCGACCAACTCC,gtttAagagctaTGCTGGAAACAGCAtagcaagt,ADAMTS7
ADAMTS7_4,ATCTTGTGGAAAGGACGAAACACCG,GGGACAAAACCGAGACTGG,gtttAagagctaTGCTGGAAACAGCAtagcaagt,ADAMTS7
ADAMTS7_5,ATCTTGTGGAAAGGACGAAACACCG,GCGCAGCCGAACGGAGTCG,gtttAagagctaTGCTGGAAACAGCAtagcaagt,ADAMTS7
ALDH2_1,ATCTTGTGGAAAGGACGAAACACCG,GCAGCGCGCAACATCGCAG,gtttAagagctaTGCTGGAAACAGCAtagcaagt,ALDH2
ALDH2_2,ATCTTGTGGAAAGGACGAAACACCG,AGGCGGGGCCCGAAGCGGG,gtttAagagctaTGCTGGAAACAGCAtagcaagt,ALDH2
ALDH2_3,ATCTTGTGGAAAGGACGAAACACCG,GGCGGCGGCTGACAAGAGG,gtttAagagctaTGCTGGAAACAGCAtagcaagt,ALDH2
ALDH2_4,ATCTTGTGGAAAGGACGAAACACCG,GAGCAGAGCTAGGGTCTCA,gtttAagagctaTGCTGGAAACAGCAtagcaagt,ALDH2
ALDH2_5,ATCTTGTGGAAAGGACGAAACACCG,CAACATCGCAGCGGGCTAG,gtttAagagctaTGCTGGAAACAGCAtagcaagt,ALDH2
BMP1_1,ATCTTGTGGAAAGGACGAAACACCG,TCTTCCCAGAGGATTCCAG,gtttAagagctaTGCTGGAAACAGCAtagcaagt,BMP1
BMP1_2,ATCTTGTGGAAAGGACGAAACACCG,gacgcaAGGAGACTTCCTC,gtttAagagctaTGCTGGAAACAGCAtagcaagt,BMP1
BMP1_3,ATCTTGTGGAAAGGACGAAACACCG,TGTAGTCGGCCAAGTCCAG,gtttAagagctaTGCTGGAAACAGCAtagcaagt,BMP1
BMP1_4,ATCTTGTGGAAAGGACGAAACACCG,ggaaaaccggcgggcaagg,gtttAagagctaTGCTGGAAACAGCAtagcaagt,BMP1
BMP1_5,ATCTTGTGGAAAGGACGAAACACCG,GAGGGAAGCGGCGCACTGG,gtttAagagctaTGCTGGAAACAGCAtagcaagt,BMP1
CDKN2B_1,ATCTTGTGGAAAGGACGAAACACCG,ACTCTGCCAGAGCGAGGCG,gtttAagagctaTGCTGGAAACAGCAtagcaagt,CDKN2B
CDKN2B_2,ATCTTGTGGAAAGGACGAAACACCG,ACAAGGGCATGCCCAGTGG,gtttAagagctaTGCTGGAAACAGCAtagcaagt,CDKN2B
CDKN2B_3,ATCTTGTGGAAAGGACGAAACACCG,GAATGCGCGAGGAGAACAA,gtttAagagctaTGCTGGAAACAGCAtagcaagt,CDKN2B
CDKN2B_4,ATCTTGTGGAAAGGACGAAACACCG,AAGCCGGCGCGGATCCCAA,gtttAagagctaTGCTGGAAACAGCAtagcaagt,CDKN2B
CDKN2B_5,ATCTTGTGGAAAGGACGAAACACCG,GCGACGCGTCCGCACCCTG,gtttAagagctaTGCTGGAAACAGCAtagcaagt,CDKN2B
COL3A1_1,ATCTTGTGGAAAGGACGAAACACCG,TGACGGGCCCGGTGCTGAA,gtttAagagctaTGCTGGAAACAGCAtagcaagt,COL3A1
COL3A1_2,ATCTTGTGGAAAGGACGAAACACCG,AGGGCAGGGAACAACTTGA,gtttAagagctaTGCTGGAAACAGCAtagcaagt,COL3A1
COL3A1_3,ATCTTGTGGAAAGGACGAAACACCG,CAAAGCAAAGGAATCTCAG,gtttAagagctaTGCTGGAAACAGCAtagcaagt,COL3A1
COL3A1_4,ATCTTGTGGAAAGGACGAAACACCG,GCACAACAGGAAGGTGAGT,gtttAagagctaTGCTGGAAACAGCAtagcaagt,COL3A1
COL3A1_5,ATCTTGTGGAAAGGACGAAACACCG,CTATTTAAGGCCAAAGCAA,gtttAagagctaTGCTGGAAACAGCAtagcaagt,COL3A1
CSDE1_1,ATCTTGTGGAAAGGACGAAACACCG,CGGGCCGTGCTGCTTATGG,gtttAagagctaTGCTGGAAACAGCAtagcaagt,CSDE1
CSDE1_2,ATCTTGTGGAAAGGACGAAACACCG,TACCGGGCCGTGCTGCTTA,gtttAagagctaTGCTGGAAACAGCAtagcaagt,CSDE1
CSDE1_3,ATCTTGTGGAAAGGACGAAACACCG,CTGGCTGCTTCCCCATCTG,gtttAagagctaTGCTGGAAACAGCAtagcaagt,CSDE1
CSDE1_4,ATCTTGTGGAAAGGACGAAACACCG,GCAGCACGGCCCGGTACGT,gtttAagagctaTGCTGGAAACAGCAtagcaagt,CSDE1
CSDE1_5,ATCTTGTGGAAAGGACGAAACACCG,TTATGGCGGCGCTGGAGAG,gtttAagagctaTGCTGGAAACAGCAtagcaagt,CSDE1
FBLN1_1,ATCTTGTGGAAAGGACGAAACACCG,GGGTCGGGACCCTAAGCTG,gtttAagagctaTGCTGGAAACAGCAtagcaagt,FBLN1
FBLN1_2,ATCTTGTGGAAAGGACGAAACACCG,CTCGGCGCTGACAGTCCGG,gtttAagagctaTGCTGGAAACAGCAtagcaagt,FBLN1
FBLN1_3,ATCTTGTGGAAAGGACGAAACACCG,CTGCTGGCGGCCGGAGGTA,gtttAagagctaTGCTGGAAACAGCAtagcaagt,FBLN1
FBLN1_4,ATCTTGTGGAAAGGACGAAACACCG,GGTGGGCGGCGGCGGACAA,gtttAagagctaTGCTGGAAACAGCAtagcaagt,FBLN1
FBLN1_5,ATCTTGTGGAAAGGACGAAACACCG,CCACGCTCCGGCCGAGCCT,gtttAagagctaTGCTGGAAACAGCAtagcaagt,FBLN1
FBLN5_1,ATCTTGTGGAAAGGACGAAACACCG,CGAGTCGTGGAGAGGACAC,gtttAagagctaTGCTGGAAACAGCAtagcaagt,FBLN5
FBLN5_2,ATCTTGTGGAAAGGACGAAACACCG,GGCCGAGCGAGTCGTGGAG,gtttAagagctaTGCTGGAAACAGCAtagcaagt,FBLN5
FBLN5_3,ATCTTGTGGAAAGGACGAAACACCG,AGAGGGGCCGAGCGAGTCG,gtttAagagctaTGCTGGAAACAGCAtagcaagt,FBLN5
FBLN5_4,ATCTTGTGGAAAGGACGAAACACCG,AGCCCCGAGGGCCCAGAGG,gtttAagagctaTGCTGGAAACAGCAtagcaagt,FBLN5
FBLN5_5,ATCTTGTGGAAAGGACGAAACACCG,CAAAAGCCAGCATCAGAGA,gtttAagagctaTGCTGGAAACAGCAtagcaagt,FBLN5
FHL3_1,ATCTTGTGGAAAGGACGAAACACCG,GACTGCAGACGGACCGTGT,gtttAagagctaTGCTGGAAACAGCAtagcaagt,FHL3
FHL3_2,ATCTTGTGGAAAGGACGAAACACCG,TGCGGGCCGGGCCAAGCGG,gtttAagagctaTGCTGGAAACAGCAtagcaagt,FHL3
FHL3_3,ATCTTGTGGAAAGGACGAAACACCG,CTGCAGTCGGCAGCCTCGC,gtttAagagctaTGCTGGAAACAGCAtagcaagt,FHL3
FHL3_4,ATCTTGTGGAAAGGACGAAACACCG,CGAGACAGGCAGGGACTCG,gtttAagagctaTGCTGGAAACAGCAtagcaagt,FHL3
FHL3_5,ATCTTGTGGAAAGGACGAAACACCG,CAGAGCCCGGCGGGTACAG,gtttAagagctaTGCTGGAAACAGCAtagcaagt,FHL3
GATA4_1,ATCTTGTGGAAAGGACGAAACACCG,GCCTGCGATATGCAAACAA,gtttAagagctaTGCTGGAAACAGCAtagcaagt,GATA4
GATA4_2,ATCTTGTGGAAAGGACGAAACACCG,CATGGAGGGAAGTAGACGG,gtttAagagctaTGCTGGAAACAGCAtagcaagt,GATA4
GATA4_3,ATCTTGTGGAAAGGACGAAACACCG,GCGGCGACGAAGCCTCTCG,gtttAagagctaTGCTGGAAACAGCAtagcaagt,GATA4
GATA4_4,ATCTTGTGGAAAGGACGAAACACCG,ACGGCAGCTCGCACATGGA,gtttAagagctaTGCTGGAAACAGCAtagcaagt,GATA4
GATA4_5,ATCTTGTGGAAAGGACGAAACACCG,GTTCCGCGCACGCTCCCCT,gtttAagagctaTGCTGGAAACAGCAtagcaagt,GATA4
HNF1A_1,ATCTTGTGGAAAGGACGAAACACCG,CCCAGCGGCCCGTGAATCA,gtttAagagctaTGCTGGAAACAGCAtagcaagt,HNF1A
HNF1A_2,ATCTTGTGGAAAGGACGAAACACCG,GACGAGACGGACGACGATG,gtttAagagctaTGCTGGAAACAGCAtagcaagt,HNF1A
HNF1A_3,ATCTTGTGGAAAGGACGAAACACCG,GAGTCTCCCCCAGCCCATT,gtttAagagctaTGCTGGAAACAGCAtagcaagt,HNF1A
HNF1A_4,ATCTTGTGGAAAGGACGAAACACCG,CTCCCAGGAGAGCCTAGAG,gtttAagagctaTGCTGGAAACAGCAtagcaagt,HNF1A
HNF1A_5,ATCTTGTGGAAAGGACGAAACACCG,CGGGGCTCCGAGGACGAGA,gtttAagagctaTGCTGGAAACAGCAtagcaagt,HNF1A
KLF4_1,ATCTTGTGGAAAGGACGAAACACCG,CGCGGAGCTGCGAACTGGT,gtttAagagctaTGCTGGAAACAGCAtagcaagt,KLF4
KLF4_2,ATCTTGTGGAAAGGACGAAACACCG,GGAGCTGCGAACTGGTCGG,gtttAagagctaTGCTGGAAACAGCAtagcaagt,KLF4
KLF4_3,ATCTTGTGGAAAGGACGAAACACCG,GAGAGAACGAACGTGTCTG,gtttAagagctaTGCTGGAAACAGCAtagcaagt,KLF4
KLF4_4,ATCTTGTGGAAAGGACGAAACACCG,AGTGCTGCCGTGGGCGCAG,gtttAagagctaTGCTGGAAACAGCAtagcaagt,KLF4
KLF4_5,ATCTTGTGGAAAGGACGAAACACCG,GGCGAGTAAGTAGGTCCGG,gtttAagagctaTGCTGGAAACAGCAtagcaagt,KLF4
LAMA2_1,ATCTTGTGGAAAGGACGAAACACCG,GCCCGGCCAAAGCCAGAGG,gtttAagagctaTGCTGGAAACAGCAtagcaagt,LAMA2
LAMA2_2,ATCTTGTGGAAAGGACGAAACACCG,TCCACTTCTCGGGAGCCAG,gtttAagagctaTGCTGGAAACAGCAtagcaagt,LAMA2
LAMA2_3,ATCTTGTGGAAAGGACGAAACACCG,CAGCAAAGAGGTACAGTCG,gtttAagagctaTGCTGGAAACAGCAtagcaagt,LAMA2
LAMA2_4,ATCTTGTGGAAAGGACGAAACACCG,CAGCAGCAGCGGCAGTCAC,gtttAagagctaTGCTGGAAACAGCAtagcaagt,LAMA2
LAMA2_5,ATCTTGTGGAAAGGACGAAACACCG,CATGAGAGCGTAGTGTAGG,gtttAagagctaTGCTGGAAACAGCAtagcaagt,LAMA2
LAMP2_1,ATCTTGTGGAAAGGACGAAACACCG,TAGGACAGTAGAGCCTGAG,gtttAagagctaTGCTGGAAACAGCAtagcaagt,LAMP2
LAMP2_2,ATCTTGTGGAAAGGACGAAACACCG,GGGTGGACGCCGAGGGAGT,gtttAagagctaTGCTGGAAACAGCAtagcaagt,LAMP2
LAMP2_3,ATCTTGTGGAAAGGACGAAACACCG,AGAAGGCCTGACCGACGGA,gtttAagagctaTGCTGGAAACAGCAtagcaagt,LAMP2
LAMP2_4,ATCTTGTGGAAAGGACGAAACACCG,GAAAAGGCTCGCTGGACCT,gtttAagagctaTGCTGGAAACAGCAtagcaagt,LAMP2
LAMP2_5,ATCTTGTGGAAAGGACGAAACACCG,CTAGAGAAGGCCTGACCGA,gtttAagagctaTGCTGGAAACAGCAtagcaagt,LAMP2
LGALS3_1,ATCTTGTGGAAAGGACGAAACACCG,TCCGGAGCCAGCCAACGAG,gtttAagagctaTGCTGGAAACAGCAtagcaagt,LGALS3
LGALS3_2,ATCTTGTGGAAAGGACGAAACACCG,cgcgcAGCTCACCGCTCGT,gtttAagagctaTGCTGGAAACAGCAtagcaagt,LGALS3
LGALS3_3,ATCTTGTGGAAAGGACGAAACACCG,CCGCCGCCCCGCTCCTGGA,gtttAagagctaTGCTGGAAACAGCAtagcaagt,LGALS3
LGALS3_4,ATCTTGTGGAAAGGACGAAACACCG,CCCTCGCAGCGGGACCTGG,gtttAagagctaTGCTGGAAACAGCAtagcaagt,LGALS3
LGALS3_5,ATCTTGTGGAAAGGACGAAACACCG,CCAGACTGCGGCTCGTCAC,gtttAagagctaTGCTGGAAACAGCAtagcaagt,LGALS3
LOX_1,ATCTTGTGGAAAGGACGAAACACCG,TGGCGCCAGCAGATCCAAT,gtttAagagctaTGCTGGAAACAGCAtagcaagt,LOX
LOX_2,ATCTTGTGGAAAGGACGAAACACCG,CAGTGTCTGGAGTGAAGGA,gtttAagagctaTGCTGGAAACAGCAtagcaagt,LOX
LOX_3,ATCTTGTGGAAAGGACGAAACACCG,ACCCCGCTCGAGGAGGACG,gtttAagagctaTGCTGGAAACAGCAtagcaagt,LOX
LOX_4,ATCTTGTGGAAAGGACGAAACACCG,TCAGTCCTGGAAGGCAACG,gtttAagagctaTGCTGGAAACAGCAtagcaagt,LOX
LOX_5,ATCTTGTGGAAAGGACGAAACACCG,AGGCGCCCGGAGCCGCCGG,gtttAagagctaTGCTGGAAACAGCAtagcaagt,LOX
LOXL1_1,ATCTTGTGGAAAGGACGAAACACCG,TACATGGCCAGCCCCGCAC,gtttAagagctaTGCTGGAAACAGCAtagcaagt,LOXL1
LOXL1_2,ATCTTGTGGAAAGGACGAAACACCG,CTGGCGGCAGCTGATCCAG,gtttAagagctaTGCTGGAAACAGCAtagcaagt,LOXL1
LOXL1_3,ATCTTGTGGAAAGGACGAAACACCG,CACGGCCTCGAGGACAGGA,gtttAagagctaTGCTGGAAACAGCAtagcaagt,LOXL1
LOXL1_4,ATCTTGTGGAAAGGACGAAACACCG,CTCGGACCCCGCCCGCTGG,gtttAagagctaTGCTGGAAACAGCAtagcaagt,LOXL1
LOXL1_5,ATCTTGTGGAAAGGACGAAACACCG,ACCGCCTGTGGGCCTTACA,gtttAagagctaTGCTGGAAACAGCAtagcaagt,LOXL1
MAFB_1,ATCTTGTGGAAAGGACGAAACACCG,AGGCAGCCTCGGGACTCTC,gtttAagagctaTGCTGGAAACAGCAtagcaagt,MAFB
MAFB_2,ATCTTGTGGAAAGGACGAAACACCG,GGCGCGCCGGAGAGTCCCG,gtttAagagctaTGCTGGAAACAGCAtagcaagt,MAFB
MAFB_3,ATCTTGTGGAAAGGACGAAACACCG,CCGCCGCGTCCCCAGACAA,gtttAagagctaTGCTGGAAACAGCAtagcaagt,MAFB
MAFB_4,ATCTTGTGGAAAGGACGAAACACCG,TGCACCGCCGAGCTgcgag,gtttAagagctaTGCTGGAAACAGCAtagcaagt,MAFB
MAFB_5,ATCTTGTGGAAAGGACGAAACACCG,CGTGAAGAAGGAGCCACTG,gtttAagagctaTGCTGGAAACAGCAtagcaagt,MAFB
MMP2_1,ATCTTGTGGAAAGGACGAAACACCG,ATGCAGCGGAAACAAGGGA,gtttAagagctaTGCTGGAAACAGCAtagcaagt,MMP2
MMP2_2,ATCTTGTGGAAAGGACGAAACACCG,GCTGGAGGCTGCGCATCTG,gtttAagagctaTGCTGGAAACAGCAtagcaagt,MMP2
MMP2_3,ATCTTGTGGAAAGGACGAAACACCG,CCCAAAACGGACAAAGAGT,gtttAagagctaTGCTGGAAACAGCAtagcaagt,MMP2
MMP2_4,ATCTTGTGGAAAGGACGAAACACCG,CTGGATGCAGCGGAAACAA,gtttAagagctaTGCTGGAAACAGCAtagcaagt,MMP2
MMP2_5,ATCTTGTGGAAAGGACGAAACACCG,TCCAGACTTCCTCAGGCGG,gtttAagagctaTGCTGGAAACAGCAtagcaagt,MMP2
MTAP_1,ATCTTGTGGAAAGGACGAAACACCG,AACCAAGCGAGCCACAGAG,gtttAagagctaTGCTGGAAACAGCAtagcaagt,MTAP
MTAP_2,ATCTTGTGGAAAGGACGAAACACCG,CAAGCGAGCCACAGAGCGG,gtttAagagctaTGCTGGAAACAGCAtagcaagt,MTAP
MTAP_3,ATCTTGTGGAAAGGACGAAACACCG,CACTCCCGCGCAGTGAGGT,gtttAagagctaTGCTGGAAACAGCAtagcaagt,MTAP
MTAP_4,ATCTTGTGGAAAGGACGAAACACCG,GCGGCGGCAAGGGACGCAC,gtttAagagctaTGCTGGAAACAGCAtagcaagt,MTAP
MTAP_5,ATCTTGTGGAAAGGACGAAACACCG,GAGAGGTCGTGGATGGGAG,gtttAagagctaTGCTGGAAACAGCAtagcaagt,MTAP
MYOCD_1,ATCTTGTGGAAAGGACGAAACACCG,CCCCTGGGTAGGAGTACAG,gtttAagagctaTGCTGGAAACAGCAtagcaagt,MYOCD
MYOCD_2,ATCTTGTGGAAAGGACGAAACACCG,TGCTCCTGGCCAACCTCCG,gtttAagagctaTGCTGGAAACAGCAtagcaagt,MYOCD
MYOCD_3,ATCTTGTGGAAAGGACGAAACACCG,AGGAGCAGCGCGGCATCCC,gtttAagagctaTGCTGGAAACAGCAtagcaagt,MYOCD
MYOCD_4,ATCTTGTGGAAAGGACGAAACACCG,ACATCAGACAGGAACGCCT,gtttAagagctaTGCTGGAAACAGCAtagcaagt,MYOCD
MYOCD_5,ATCTTGTGGAAAGGACGAAACACCG,AACAAAGTTGAGGTAGACC,gtttAagagctaTGCTGGAAACAGCAtagcaagt,MYOCD
NKX2-5_1,ATCTTGTGGAAAGGACGAAACACCG,CGGGCAGAGAGCTCTCCGG,gtttAagagctaTGCTGGAAACAGCAtagcaagt,NKX2-5
NKX2-5_2,ATCTTGTGGAAAGGACGAAACACCG,CCAGGTGGGCGGCAGAAAG,gtttAagagctaTGCTGGAAACAGCAtagcaagt,NKX2-5
NKX2-5_3,ATCTTGTGGAAAGGACGAAACACCG,GCACGTGGATAGAAGGCGG,gtttAagagctaTGCTGGAAACAGCAtagcaagt,NKX2-5
NKX2-5_4,ATCTTGTGGAAAGGACGAAACACCG,CAGTCTCACAGCGCCAGGT,gtttAagagctaTGCTGGAAACAGCAtagcaagt,NKX2-5
NKX2-5_5,ATCTTGTGGAAAGGACGAAACACCG,GACGAAAGCGACCCAGGAG,gtttAagagctaTGCTGGAAACAGCAtagcaagt,NKX2-5
NOS3_1,ATCTTGTGGAAAGGACGAAACACCG,AGTGGACGCACAGTAACAT,gtttAagagctaTGCTGGAAACAGCAtagcaagt,NOS3
NOS3_2,ATCTTGTGGAAAGGACGAAACACCG,CAGGCAGCTAGGAGCAGGT,gtttAagagctaTGCTGGAAACAGCAtagcaagt,NOS3
NOS3_3,ATCTTGTGGAAAGGACGAAACACCG,AGGAGCAGGTGGGCAACAA,gtttAagagctaTGCTGGAAACAGCAtagcaagt,NOS3
NOS3_4,ATCTTGTGGAAAGGACGAAACACCG,aaagtcaaacagctcctgg,gtttAagagctaTGCTGGAAACAGCAtagcaagt,NOS3
NOS3_5,ATCTTGTGGAAAGGACGAAACACCG,AGGTGAAAGCTGGGAGTaa,gtttAagagctaTGCTGGAAACAGCAtagcaagt,NOS3
NOTCH2_1,ATCTTGTGGAAAGGACGAAACACCG,CCGACGGCGGGCCTCGGAG,gtttAagagctaTGCTGGAAACAGCAtagcaagt,NOTCH2
NOTCH2_2,ATCTTGTGGAAAGGACGAAACACCG,CTGCCGAGGAGGCGTGTAA,gtttAagagctaTGCTGGAAACAGCAtagcaagt,NOTCH2
NOTCH2_3,ATCTTGTGGAAAGGACGAAACACCG,CGCTCGACCCCAAGAAACG,gtttAagagctaTGCTGGAAACAGCAtagcaagt,NOTCH2
NOTCH2_4,ATCTTGTGGAAAGGACGAAACACCG,GCGCTACGCTCCGAAGCCC,gtttAagagctaTGCTGGAAACAGCAtagcaagt,NOTCH2
NOTCH2_5,ATCTTGTGGAAAGGACGAAACACCG,AGTCGAGGCATTTGCGCCT,gtttAagagctaTGCTGGAAACAGCAtagcaagt,NOTCH2
NOTCH3_1,ATCTTGTGGAAAGGACGAAACACCG,GACCCAGGAGTCCGAGACT,gtttAagagctaTGCTGGAAACAGCAtagcaagt,NOTCH3
NOTCH3_2,ATCTTGTGGAAAGGACGAAACACCG,cTCACTTCGGCGAAGTTGG,gtttAagagctaTGCTGGAAACAGCAtagcaagt,NOTCH3
NOTCH3_3,ATCTTGTGGAAAGGACGAAACACCG,CTGGCGGATGGGACGAGGG,gtttAagagctaTGCTGGAAACAGCAtagcaagt,NOTCH3
NOTCH3_4,ATCTTGTGGAAAGGACGAAACACCG,GACCTGGCGGATGGGACGA,gtttAagagctaTGCTGGAAACAGCAtagcaagt,NOTCH3
NOTCH3_5,ATCTTGTGGAAAGGACGAAACACCG,GATTAGAGCTGAAGATGAA,gtttAagagctaTGCTGGAAACAGCAtagcaagt,NOTCH3
PCOLCE_1,ATCTTGTGGAAAGGACGAAACACCG,GCTGGGGTCCTCAAGACAG,gtttAagagctaTGCTGGAAACAGCAtagcaagt,PCOLCE
PCOLCE_2,ATCTTGTGGAAAGGACGAAACACCG,GGGAGACTTAAGAGACCAG,gtttAagagctaTGCTGGAAACAGCAtagcaagt,PCOLCE
PCOLCE_3,ATCTTGTGGAAAGGACGAAACACCG,GTCAAGGATCTGGGTGGGT,gtttAagagctaTGCTGGAAACAGCAtagcaagt,PCOLCE
PCOLCE_4,ATCTTGTGGAAAGGACGAAACACCG,GGGGGTCAAGGATCTGGGT,gtttAagagctaTGCTGGAAACAGCAtagcaagt,PCOLCE
PCOLCE_5,ATCTTGTGGAAAGGACGAAACACCG,GCAGGCAGCATGGCCCCGG,gtttAagagctaTGCTGGAAACAGCAtagcaagt,PCOLCE
PHACTR1_1,ATCTTGTGGAAAGGACGAAACACCG,AGATACATGAGACAGTCAG,gtttAagagctaTGCTGGAAACAGCAtagcaagt,PHACTR1
PHACTR1_2,ATCTTGTGGAAAGGACGAAACACCG,TTCTTTAGAAGCTCACGGG,gtttAagagctaTGCTGGAAACAGCAtagcaagt,PHACTR1
PHACTR1_3,ATCTTGTGGAAAGGACGAAACACCG,ACATGAGACAGTCAGTGGC,gtttAagagctaTGCTGGAAACAGCAtagcaagt,PHACTR1
PHACTR1_4,ATCTTGTGGAAAGGACGAAACACCG,GACGACCTCCCCAAAGAGA,gtttAagagctaTGCTGGAAACAGCAtagcaagt,PHACTR1
PHACTR1_5,ATCTTGTGGAAAGGACGAAACACCG,ACCCAAGGAGGCTATGATA,gtttAagagctaTGCTGGAAACAGCAtagcaagt,PHACTR1
PRRX1_1,ATCTTGTGGAAAGGACGAAACACCG,GTCACTCCTGAGAATCCAC,gtttAagagctaTGCTGGAAACAGCAtagcaagt,PRRX1
PRRX1_2,ATCTTGTGGAAAGGACGAAACACCG,AGGGGGTCTGTGAAACGTC,gtttAagagctaTGCTGGAAACAGCAtagcaagt,PRRX1
PRRX1_3,ATCTTGTGGAAAGGACGAAACACCG,TCCGACGGAGGGTGCTGGT,gtttAagagctaTGCTGGAAACAGCAtagcaagt,PRRX1
PRRX1_4,ATCTTGTGGAAAGGACGAAACACCG,GAGTGACTAAAGTTTCAGG,gtttAagagctaTGCTGGAAACAGCAtagcaagt,PRRX1
PRRX1_5,ATCTTGTGGAAAGGACGAAACACCG,ACTCTGATGTTGGCAAAGG,gtttAagagctaTGCTGGAAACAGCAtagcaagt,PRRX1
SERPINE1_1,ATCTTGTGGAAAGGACGAAACACCG,TAAGCCCGAAGTAAGAGGT,gtttAagagctaTGCTGGAAACAGCAtagcaagt,SERPINE1
SERPINE1_2,ATCTTGTGGAAAGGACGAAACACCG,CCACATCTGGTATAAAAGG,gtttAagagctaTGCTGGAAACAGCAtagcaagt,SERPINE1
SERPINE1_3,ATCTTGTGGAAAGGACGAAACACCG,AGAGGGACTGAGAGAGTCA,gtttAagagctaTGCTGGAAACAGCAtagcaagt,SERPINE1
SERPINE1_4,ATCTTGTGGAAAGGACGAAACACCG,AATAGCGGGGGATCATGGA,gtttAagagctaTGCTGGAAACAGCAtagcaagt,SERPINE1
SERPINE1_5,ATCTTGTGGAAAGGACGAAACACCG,GCCTTAAGCCCGAAGTAAG,gtttAagagctaTGCTGGAAACAGCAtagcaagt,SERPINE1
SMAD2_1,ATCTTGTGGAAAGGACGAAACACCG,CCATCCCATCGGAAGAGGA,gtttAagagctaTGCTGGAAACAGCAtagcaagt,SMAD2
SMAD2_2,ATCTTGTGGAAAGGACGAAACACCG,CCGCCCCCGTCAGCCTGGG,gtttAagagctaTGCTGGAAACAGCAtagcaagt,SMAD2
SMAD2_3,ATCTTGTGGAAAGGACGAAACACCG,GCGGAACTGAAAACACTCC,gtttAagagctaTGCTGGAAACAGCAtagcaagt,SMAD2
SMAD2_4,ATCTTGTGGAAAGGACGAAACACCG,CTGCCGCCCAGGCTGACGG,gtttAagagctaTGCTGGAAACAGCAtagcaagt,SMAD2
SMAD2_5,ATCTTGTGGAAAGGACGAAACACCG,GGACCCCCCGGATCTGACG,gtttAagagctaTGCTGGAAACAGCAtagcaagt,SMAD2
SMAD3_1,ATCTTGTGGAAAGGACGAAACACCG,GCGGCCGCGAGACTCCAAG,gtttAagagctaTGCTGGAAACAGCAtagcaagt,SMAD3
SMAD3_2,ATCTTGTGGAAAGGACGAAACACCG,CCCACGGCGAAGAGAAGAG,gtttAagagctaTGCTGGAAACAGCAtagcaagt,SMAD3
SMAD3_3,ATCTTGTGGAAAGGACGAAACACCG,GCCTGCTGGGCTGGAAGAA,gtttAagagctaTGCTGGAAACAGCAtagcaagt,SMAD3
SMAD3_4,ATCTTGTGGAAAGGACGAAACACCG,GAAGAAGGGCGAGCAGAAC,gtttAagagctaTGCTGGAAACAGCAtagcaagt,SMAD3
SMAD3_5,ATCTTGTGGAAAGGACGAAACACCG,GGCGGACGGCAGCAGTGCA,gtttAagagctaTGCTGGAAACAGCAtagcaagt,SMAD3
SMAD4_1,ATCTTGTGGAAAGGACGAAACACCG,CCCGGGGCGGGGAAGCCAC,gtttAagagctaTGCTGGAAACAGCAtagcaagt,SMAD4
SMAD4_2,ATCTTGTGGAAAGGACGAAACACCG,CGCCGCTGCGGTAACGGAG,gtttAagagctaTGCTGGAAACAGCAtagcaagt,SMAD4
SMAD4_3,ATCTTGTGGAAAGGACGAAACACCG,GCAGCGGCGACGACGACCA,gtttAagagctaTGCTGGAAACAGCAtagcaagt,SMAD4
SMAD4_4,ATCTTGTGGAAAGGACGAAACACCG,CAGTGGCTTCTCGACAAGT,gtttAagagctaTGCTGGAAACAGCAtagcaagt,SMAD4
SMAD4_5,ATCTTGTGGAAAGGACGAAACACCG,GTCGTCGCCGCTGCGGTAA,gtttAagagctaTGCTGGAAACAGCAtagcaagt,SMAD4
SMAD6_1,ATCTTGTGGAAAGGACGAAACACCG,GGTCTGGCGAGGCAGCGCC,gtttAagagctaTGCTGGAAACAGCAtagcaagt,SMAD6
SMAD6_2,ATCTTGTGGAAAGGACGAAACACCG,GTCCCAGCGAGGTCTGGCG,gtttAagagctaTGCTGGAAACAGCAtagcaagt,SMAD6
SMAD6_3,ATCTTGTGGAAAGGACGAAACACCG,CGAGCGGGGGAGCGATCGA,gtttAagagctaTGCTGGAAACAGCAtagcaagt,SMAD6
SMAD6_4,ATCTTGTGGAAAGGACGAAACACCG,AGACCTCGCTGGGACCCCG,gtttAagagctaTGCTGGAAACAGCAtagcaagt,SMAD6
SMAD6_5,ATCTTGTGGAAAGGACGAAACACCG,GCGGGTGTCAACACATGAG,gtttAagagctaTGCTGGAAACAGCAtagcaagt,SMAD6
SNAI1_1,ATCTTGTGGAAAGGACGAAACACCG,CGCGGCACGGCCTAGCGAG,gtttAagagctaTGCTGGAAACAGCAtagcaagt,SNAI1
SNAI1_2,ATCTTGTGGAAAGGACGAAACACCG,CGCAGAAGAACCACTCGCT,gtttAagagctaTGCTGGAAACAGCAtagcaagt,SNAI1
SNAI1_3,ATCTTGTGGAAAGGACGAAACACCG,CATTCATTGCGCCGCGGCA,gtttAagagctaTGCTGGAAACAGCAtagcaagt,SNAI1
SNAI1_4,ATCTTGTGGAAAGGACGAAACACCG,GGGAGAGTCCGGAGTCCAG,gtttAagagctaTGCTGGAAACAGCAtagcaagt,SNAI1
SNAI1_5,ATCTTGTGGAAAGGACGAAACACCG,GAGCGCGGCATAGTGGTCG,gtttAagagctaTGCTGGAAACAGCAtagcaagt,SNAI1
SNAI2_1,ATCTTGTGGAAAGGACGAAACACCG,TCAGGTGCGGCAGACGGAC,gtttAagagctaTGCTGGAAACAGCAtagcaagt,SNAI2
SNAI2_2,ATCTTGTGGAAAGGACGAAACACCG,GTGCGGCAGACGGACGGGC,gtttAagagctaTGCTGGAAACAGCAtagcaagt,SNAI2
SNAI2_3,ATCTTGTGGAAAGGACGAAACACCG,GGCGGTCCCTACAGCATCG,gtttAagagctaTGCTGGAAACAGCAtagcaagt,SNAI2
SNAI2_4,ATCTTGTGGAAAGGACGAAACACCG,CGGCGCCTCTGAAGTCACC,gtttAagagctaTGCTGGAAACAGCAtagcaagt,SNAI2
SNAI2_5,ATCTTGTGGAAAGGACGAAACACCG,GTCCGGCGGGAGGACACGG,gtttAagagctaTGCTGGAAACAGCAtagcaagt,SNAI2
SREBF1_1,ATCTTGTGGAAAGGACGAAACACCG,GACGCTAGCGCGGGAACCA,gtttAagagctaTGCTGGAAACAGCAtagcaagt,SREBF1
SREBF1_2,ATCTTGTGGAAAGGACGAAACACCG,TAGGCAGGGGTGCTGAATA,gtttAagagctaTGCTGGAAACAGCAtagcaagt,SREBF1
SREBF1_3,ATCTTGTGGAAAGGACGAAACACCG,GCGCCCGTGGGGGAGACAA,gtttAagagctaTGCTGGAAACAGCAtagcaagt,SREBF1
SREBF1_4,ATCTTGTGGAAAGGACGAAACACCG,AACGGCCTGGACGCCCCAA,gtttAagagctaTGCTGGAAACAGCAtagcaagt,SREBF1
SREBF1_5,ATCTTGTGGAAAGGACGAAACACCG,ACACGAACGCGCGGAGCGG,gtttAagagctaTGCTGGAAACAGCAtagcaagt,SREBF1
TAGLN_1,ATCTTGTGGAAAGGACGAAACACCG,CACTCACAAGGCTTCCTCA,gtttAagagctaTGCTGGAAACAGCAtagcaagt,TAGLN
TAGLN_2,ATCTTGTGGAAAGGACGAAACACCG,CTCCTTCCTGCGAGCCCTG,gtttAagagctaTGCTGGAAACAGCAtagcaagt,TAGLN
TAGLN_3,ATCTTGTGGAAAGGACGAAACACCG,TGGGGCTTGGAGGGAAGTT,gtttAagagctaTGCTGGAAACAGCAtagcaagt,TAGLN
TAGLN_4,ATCTTGTGGAAAGGACGAAACACCG,GGTTCGGACAGACAGGATG,gtttAagagctaTGCTGGAAACAGCAtagcaagt,TAGLN
TAGLN_5,ATCTTGTGGAAAGGACGAAACACCG,CCCAGCCAATGCACTCACA,gtttAagagctaTGCTGGAAACAGCAtagcaagt,TAGLN
TBX5_1,ATCTTGTGGAAAGGACGAAACACCG,GCACGTACCTCCCAGCTCA,gtttAagagctaTGCTGGAAACAGCAtagcaagt,TBX5
TBX5_2,ATCTTGTGGAAAGGACGAAACACCG,GTACCTCCCAGCTCAAGGT,gtttAagagctaTGCTGGAAACAGCAtagcaagt,TBX5
TBX5_3,ATCTTGTGGAAAGGACGAAACACCG,CATTGAGCACAGATGGTCT,gtttAagagctaTGCTGGAAACAGCAtagcaagt,TBX5
TBX5_4,ATCTTGTGGAAAGGACGAAACACCG,GAGGACTGAGGGGGGAAAT,gtttAagagctaTGCTGGAAACAGCAtagcaagt,TBX5
TBX5_5,ATCTTGTGGAAAGGACGAAACACCG,GAAGAGGTGGGATAGTTGG,gtttAagagctaTGCTGGAAACAGCAtagcaagt,TBX5
TCF21_1,ATCTTGTGGAAAGGACGAAACACCG,GAGTCGTGGCCGTAGAGGA,gtttAagagctaTGCTGGAAACAGCAtagcaagt,TCF21
TCF21_2,ATCTTGTGGAAAGGACGAAACACCG,GCTCGCTCACCCTCCTCTA,gtttAagagctaTGCTGGAAACAGCAtagcaagt,TCF21
TCF21_3,ATCTTGTGGAAAGGACGAAACACCG,GTTGTGAGAAGGAACCCCG,gtttAagagctaTGCTGGAAACAGCAtagcaagt,TCF21
TCF21_4,ATCTTGTGGAAAGGACGAAACACCG,CCGAGGACTTCTGCAGCAG,gtttAagagctaTGCTGGAAACAGCAtagcaagt,TCF21
TCF21_5,ATCTTGTGGAAAGGACGAAACACCG,GAGTGGGGAAACAGAGAGC,gtttAagagctaTGCTGGAAACAGCAtagcaagt,TCF21
TGFB1_1,ATCTTGTGGAAAGGACGAAACACCG,CCGCGCCTCCGGCTCCCAG,gtttAagagctaTGCTGGAAACAGCAtagcaagt,TGFB1
TGFB1_2,ATCTTGTGGAAAGGACGAAACACCG,AGGGAGCAAGCGTCCCCGG,gtttAagagctaTGCTGGAAACAGCAtagcaagt,TGFB1
TGFB1_3,ATCTTGTGGAAAGGACGAAACACCG,TGGCCCAGGGCGCGAAGGG,gtttAagagctaTGCTGGAAACAGCAtagcaagt,TGFB1
TGFB1_4,ATCTTGTGGAAAGGACGAAACACCG,AGATGGCCCAGGGCGCGAA,gtttAagagctaTGCTGGAAACAGCAtagcaagt,TGFB1
TGFB1_5,ATCTTGTGGAAAGGACGAAACACCG,CGTCCCCGGCGGCAAAGGG,gtttAagagctaTGCTGGAAACAGCAtagcaagt,TGFB1
TGFB2_1,ATCTTGTGGAAAGGACGAAACACCG,CACCCCCTGCGGATCACAA,gtttAagagctaTGCTGGAAACAGCAtagcaagt,TGFB2
TGFB2_2,ATCTTGTGGAAAGGACGAAACACCG,CCCAGCCAGGGTGTCGCAA,gtttAagagctaTGCTGGAAACAGCAtagcaagt,TGFB2
TGFB2_3,ATCTTGTGGAAAGGACGAAACACCG,CTGCCCGGCTGCAGACAGG,gtttAagagctaTGCTGGAAACAGCAtagcaagt,TGFB2
TGFB2_4,ATCTTGTGGAAAGGACGAAACACCG,CTCTCAGCGCCGCAGTGGA,gtttAagagctaTGCTGGAAACAGCAtagcaagt,TGFB2
TGFB2_5,ATCTTGTGGAAAGGACGAAACACCG,GCAGAAGGTTCGCTCCGAG,gtttAagagctaTGCTGGAAACAGCAtagcaagt,TGFB2
TGFBI_1,ATCTTGTGGAAAGGACGAAACACCG,GAGCGAGCTAGCGACCGAC,gtttAagagctaTGCTGGAAACAGCAtagcaagt,TGFBI
TGFBI_2,ATCTTGTGGAAAGGACGAAACACCG,CACGAAGAGCGCCATGGAG,gtttAagagctaTGCTGGAAACAGCAtagcaagt,TGFBI
TGFBI_3,ATCTTGTGGAAAGGACGAAACACCG,accatggagggaaagcggg,gtttAagagctaTGCTGGAAACAGCAtagcaagt,TGFBI
TGFBI_4,ATCTTGTGGAAAGGACGAAACACCG,TAGCGACCGACGGGCAAGC,gtttAagagctaTGCTGGAAACAGCAtagcaagt,TGFBI
TGFBI_5,ATCTTGTGGAAAGGACGAAACACCG,GCGGAAGGTCAGGTAGTCG,gtttAagagctaTGCTGGAAACAGCAtagcaagt,TGFBI
TIMP3_1,ATCTTGTGGAAAGGACGAAACACCG,ACTGCAGCGCTGCTTAGGG,gtttAagagctaTGCTGGAAACAGCAtagcaagt,TIMP3
TIMP3_2,ATCTTGTGGAAAGGACGAAACACCG,GCGCACGGCAACTTTGGAG,gtttAagagctaTGCTGGAAACAGCAtagcaagt,TIMP3
TIMP3_3,ATCTTGTGGAAAGGACGAAACACCG,GCGCTGGCGCAGGACTCGG,gtttAagagctaTGCTGGAAACAGCAtagcaagt,TIMP3
TIMP3_4,ATCTTGTGGAAAGGACGAAACACCG,CAGGAGCGCTTACCGATGT,gtttAagagctaTGCTGGAAACAGCAtagcaagt,TIMP3
TIMP3_5,ATCTTGTGGAAAGGACGAAACACCG,AGCGCTGCTTAGGGAGGCA,gtttAagagctaTGCTGGAAACAGCAtagcaagt,TIMP3
TPM2_1,ATCTTGTGGAAAGGACGAAACACCG,GGTGAGGACCGGACGGACT,gtttAagagctaTGCTGGAAACAGCAtagcaagt,TPM2
TPM2_2,ATCTTGTGGAAAGGACGAAACACCG,AGCGGACTGGGTGCACCGG,gtttAagagctaTGCTGGAAACAGCAtagcaagt,TPM2
TPM2_3,ATCTTGTGGAAAGGACGAAACACCG,GACCAACCGCGCTCTGCAA,gtttAagagctaTGCTGGAAACAGCAtagcaagt,TPM2
TPM2_4,ATCTTGTGGAAAGGACGAAACACCG,GCAGGCGGTGAGGACCGGA,gtttAagagctaTGCTGGAAACAGCAtagcaagt,TPM2
TPM2_5,ATCTTGTGGAAAGGACGAAACACCG,CTGGGCTGGGTGAGCGGAC,gtttAagagctaTGCTGGAAACAGCAtagcaagt,TPM2
VCAM1_1,ATCTTGTGGAAAGGACGAAACACCG,TATCTGCATCGGGCCTCAC,gtttAagagctaTGCTGGAAACAGCAtagcaagt,VCAM1
VCAM1_2,ATCTTGTGGAAAGGACGAAACACCG,ACAGGTGGGACACAAATAA,gtttAagagctaTGCTGGAAACAGCAtagcaagt,VCAM1
VCAM1_3,ATCTTGTGGAAAGGACGAAACACCG,AGGAGCTGAATACCCTCCC,gtttAagagctaTGCTGGAAACAGCAtagcaagt,VCAM1
VCAM1_4,ATCTTGTGGAAAGGACGAAACACCG,AGGCCCGATGCAGATACCG,gtttAagagctaTGCTGGAAACAGCAtagcaagt,VCAM1
VCAM1_5,ATCTTGTGGAAAGGACGAAACACCG,GTCCCACCTGTGTGTGCCT,gtttAagagctaTGCTGGAAACAGCAtagcaagt,VCAM1
VCAN_1,ATCTTGTGGAAAGGACGAAACACCG,GGCGAAGTTAAGAAAATGT,gtttAagagctaTGCTGGAAACAGCAtagcaagt,VCAN
VCAN_2,ATCTTGTGGAAAGGACGAAACACCG,GCTGCCCCGAGCCTTTCTG,gtttAagagctaTGCTGGAAACAGCAtagcaagt,VCAN
VCAN_3,ATCTTGTGGAAAGGACGAAACACCG,CTGGAGTTCTTCCCCAGAA,gtttAagagctaTGCTGGAAACAGCAtagcaagt,VCAN
VCAN_4,ATCTTGTGGAAAGGACGAAACACCG,TCTTCCCCAGAAAGGCTCG,gtttAagagctaTGCTGGAAACAGCAtagcaagt,VCAN
VCAN_5,ATCTTGTGGAAAGGACGAAACACCG,ATTAAGGCAAAGAGCTGTA,gtttAagagctaTGCTGGAAACAGCAtagcaagt,VCAN
VEGFA_1,ATCTTGTGGAAAGGACGAAACACCG,GCACCAGCGCTCTGTCGGG,gtttAagagctaTGCTGGAAACAGCAtagcaagt,VEGFA
VEGFA_2,ATCTTGTGGAAAGGACGAAACACCG,CGAGCAGCGAAAGCGACAG,gtttAagagctaTGCTGGAAACAGCAtagcaagt,VEGFA
VEGFA_3,ATCTTGTGGAAAGGACGAAACACCG,CAGCTGCGGGATCCCAAGG,gtttAagagctaTGCTGGAAACAGCAtagcaagt,VEGFA
VEGFA_4,ATCTTGTGGAAAGGACGAAACACCG,GGGCAGCCGGGTAGCTCGG,gtttAagagctaTGCTGGAAACAGCAtagcaagt,VEGFA
VEGFA_5,ATCTTGTGGAAAGGACGAAACACCG,TCGGAGGTCGTGGCGCTGG,gtttAagagctaTGCTGGAAACAGCAtagcaagt,VEGFA
WWTR1_1,ATCTTGTGGAAAGGACGAAACACCG,CTAGTGCTGGGCGAAAAGG,gtttAagagctaTGCTGGAAACAGCAtagcaagt,WWTR1
WWTR1_2,ATCTTGTGGAAAGGACGAAACACCG,CATCCCCCGAGCTGGCCTA,gtttAagagctaTGCTGGAAACAGCAtagcaagt,WWTR1
WWTR1_3,ATCTTGTGGAAAGGACGAAACACCG,GGCCTAAGGCGCTAGTGCT,gtttAagagctaTGCTGGAAACAGCAtagcaagt,WWTR1
WWTR1_4,ATCTTGTGGAAAGGACGAAACACCG,GCGCTAGTGCTGGGCGAAA,gtttAagagctaTGCTGGAAACAGCAtagcaagt,WWTR1
WWTR1_5,ATCTTGTGGAAAGGACGAAACACCG,CCGCAGGATGGCAAAGGAA,gtttAagagctaTGCTGGAAACAGCAtagcaagt,WWTR1
ZEB1_1,ATCTTGTGGAAAGGACGAAACACCG,CAGAAAGCAGGCGAACCCG,gtttAagagctaTGCTGGAAACAGCAtagcaagt,ZEB1
ZEB1_2,ATCTTGTGGAAAGGACGAAACACCG,CGAACCCGCGGCGCAATAA,gtttAagagctaTGCTGGAAACAGCAtagcaagt,ZEB1
ZEB1_3,ATCTTGTGGAAAGGACGAAACACCG,AGGTGTAAGCGCAGAAAGC,gtttAagagctaTGCTGGAAACAGCAtagcaagt,ZEB1
ZEB1_4,ATCTTGTGGAAAGGACGAAACACCG,CTCACCGTTATTGCGCCGC,gtttAagagctaTGCTGGAAACAGCAtagcaagt,ZEB1
ZEB1_5,ATCTTGTGGAAAGGACGAAACACCG,CTTTCTGCGCTTACACCTG,gtttAagagctaTGCTGGAAACAGCAtagcaagt,ZEB1
ZEB2_1,ATCTTGTGGAAAGGACGAAACACCG,CCTCGCCAAGAGTGTCGGG,gtttAagagctaTGCTGGAAACAGCAtagcaagt,ZEB2
ZEB2_2,ATCTTGTGGAAAGGACGAAACACCG,AAACCTCGCCAAGAGTGTC,gtttAagagctaTGCTGGAAACAGCAtagcaagt,ZEB2
ZEB2_3,ATCTTGTGGAAAGGACGAAACACCG,ACCTGCTCTGCAGGAATAA,gtttAagagctaTGCTGGAAACAGCAtagcaagt,ZEB2
ZEB2_4,ATCTTGTGGAAAGGACGAAACACCG,AAAACCTCGCCAAGAGTGT,gtttAagagctaTGCTGGAAACAGCAtagcaagt,ZEB2
ZEB2_5,ATCTTGTGGAAAGGACGAAACACCG,GAAGCGAAGAAACAGCTCC,gtttAagagctaTGCTGGAAACAGCAtagcaagt,ZEB2
negative_control_1,ATCTTGTGGAAAGGACGAAACACCG,CTACCGATACTCGGGAGGA,gtttAagagctaTGCTGGAAACAGCAtagcaagt,negative_control
negative_control_2,ATCTTGTGGAAAGGACGAAACACCG,CGGATGGGCCCGATAGCTG,gtttAagagctaTGCTGGAAACAGCAtagcaagt,negative_control
negative_control_3,ATCTTGTGGAAAGGACGAAACACCG,GTTACCTTAGAGCCCAGGC,gtttAagagctaTGCTGGAAACAGCAtagcaagt,negative_control
negative_control_4,ATCTTGTGGAAAGGACGAAACACCG,CCCCCTCGCTAGAGAACAA,gtttAagagctaTGCTGGAAACAGCAtagcaagt,negative_control
negative_control_5,ATCTTGTGGAAAGGACGAAACACCG,CGCTGACCCCTAGAACGAG,gtttAagagctaTGCTGGAAACAGCAtagcaagt,negative_control
negative_control_6,ATCTTGTGGAAAGGACGAAACACCG,TGTAAGTGCTAGAGCGGTT,gtttAagagctaTGCTGGAAACAGCAtagcaagt,negative_control
negative_control_7,ATCTTGTGGAAAGGACGAAACACCG,CCAGTCACAGGCATGCTAA,gtttAagagctaTGCTGGAAACAGCAtagcaagt,negative_control
negative_control_8,ATCTTGTGGAAAGGACGAAACACCG,CGGCGAAGAGGAACAATGG,gtttAagagctaTGCTGGAAACAGCAtagcaagt,negative_control
negative_control_9,ATCTTGTGGAAAGGACGAAACACCG,GAGTCGGGTAAATAGACAA,gtttAagagctaTGCTGGAAACAGCAtagcaagt,negative_control
negative_control_10,ATCTTGTGGAAAGGACGAAACACCG,ACCCGGGGGACCACGCCGG,gtttAagagctaTGCTGGAAACAGCAtagcaagt,negative_control
negative_control_11,ATCTTGTGGAAAGGACGAAACACCG,AGGGAGACCACGCAGGCGG,gtttAagagctaTGCTGGAAACAGCAtagcaagt,negative_control
negative_control_12,ATCTTGTGGAAAGGACGAAACACCG,ACGCTCCTGCGGTTATGGG,gtttAagagctaTGCTGGAAACAGCAtagcaagt,negative_control
negative_control_13,ATCTTGTGGAAAGGACGAAACACCG,GTGCAGCGCGACGAAAGGA,gtttAagagctaTGCTGGAAACAGCAtagcaagt,negative_control
0Safe_safe_DTKP_205680.5631_1,ATCTTGTGGAAAGGACGAAACACCG,GTATGTAACAGAAGTAAAT,gtttAagagctaTGCTGGAAACAGCAtagcaagt,0Safe_safe_DTKP_205680.5631
0Safe_safe_DTKP_205590.5541_1,ATCTTGTGGAAAGGACGAAACACCG,GCAGTGATGTTTGAAGTAA,gtttAagagctaTGCTGGAAACAGCAtagcaagt,0Safe_safe_DTKP_205590.5541
0Safe_safe_UNA1_209400.4101_1,ATCTTGTGGAAAGGACGAAACACCG,TATCTAGATCTAAGCAGTT,gtttAagagctaTGCTGGAAACAGCAtagcaagt,0Safe_safe_UNA1_209400.4101
0Safe_safe_ACOC_204957.4908_1,ATCTTGTGGAAAGGACGAAACACCG,AGCAGAAAAGTATTTCAGA,gtttAagagctaTGCTGGAAACAGCAtagcaagt,0Safe_safe_ACOC_204957.4908
0Safe_safe_UNA3_210840.6291_1,ATCTTGTGGAAAGGACGAAACACCG,AGCTCTTTCTGAGCCAGGT,gtttAagagctaTGCTGGAAACAGCAtagcaagt,0Safe_safe_UNA3_210840.6291
0Safe_safe_ACOC_204621.4572_1,ATCTTGTGGAAAGGACGAAACACCG,ATCATAACAGAAGCTCCAA,gtttAagagctaTGCTGGAAACAGCAtagcaagt,0Safe_safe_ACOC_204621.4572
0Safe_safe_UNA1_209318.4019_1,ATCTTGTGGAAAGGACGAAACACCG,AGTAGCCATCAGCCTACCT,gtttAagagctaTGCTGGAAACAGCAtagcaagt,0Safe_safe_UNA1_209318.4019
0Safe_safe_DTKP_205813.5764_1,ATCTTGTGGAAAGGACGAAACACCG,ACAATATTCTACCTCTTGT,gtttAagagctaTGCTGGAAACAGCAtagcaagt,0Safe_safe_DTKP_205813.5764
0Safe_safe_UNA2_210479.3680_1,ATCTTGTGGAAAGGACGAAACACCG,AATATACTTAAAGACATCT,gtttAagagctaTGCTGGAAACAGCAtagcaagt,0Safe_safe_UNA2_210479.3680
0Safe_safe_UNA3_210954.6405_1,ATCTTGTGGAAAGGACGAAACACCG,ATTCTTCATATCTTTCTCA,gtttAagagctaTGCTGGAAACAGCAtagcaagt,0Safe_safe_UNA3_210954.6405
0Safe_safe_UNA2_210519.3720_1,ATCTTGTGGAAAGGACGAAACACCG,TCTGTAGTACTGTTATACC,gtttAagagctaTGCTGGAAACAGCAtagcaagt,0Safe_safe_UNA2_210519.3720
0Safe_safe_UNA1_209556.4257_1,ATCTTGTGGAAAGGACGAAACACCG,CTACTCACCATTGCTGACC,gtttAagagctaTGCTGGAAACAGCAtagcaagt,0Safe_safe_UNA1_209556.4257
BACH1_1,ATCTTGTGGAAAGGACGAAACACCG,CGGCGGACAGGTCCAGTGA,gtttAagagctaTGCTGGAAACAGCAtagcaagt,BACH1
BACH1_2,ATCTTGTGGAAAGGACGAAACACCG,ACAGGTCCAGTGAAggcgc,gtttAagagctaTGCTGGAAACAGCAtagcaagt,BACH1
BACH1_3,ATCTTGTGGAAAGGACGAAACACCG,GGCGGCGGAGGACAATACG,gtttAagagctaTGCTGGAAACAGCAtagcaagt,BACH1
BACH1_4,ATCTTGTGGAAAGGACGAAACACCG,GCGCCTCAGCTCTGGTGAG,gtttAagagctaTGCTGGAAACAGCAtagcaagt,BACH1
BACH1_5,ATCTTGTGGAAAGGACGAAACACCG,GCTGAGTAGACGCGAGGCT,gtttAagagctaTGCTGGAAACAGCAtagcaagt,BACH1
INO80_1,ATCTTGTGGAAAGGACGAAACACCG,GGCCTCAGAGAGCGAACCG,gtttAagagctaTGCTGGAAACAGCAtagcaagt,INO80
INO80_2,ATCTTGTGGAAAGGACGAAACACCG,AGCCGCGGTTCGCTCTCTG,gtttAagagctaTGCTGGAAACAGCAtagcaagt,INO80
INO80_3,ATCTTGTGGAAAGGACGAAACACCG,AGGAGCGGAGCAGGGACAC,gtttAagagctaTGCTGGAAACAGCAtagcaagt,INO80
INO80_4,ATCTTGTGGAAAGGACGAAACACCG,AGGTGAGGCAACTAGACGT,gtttAagagctaTGCTGGAAACAGCAtagcaagt,INO80
INO80_5,ATCTTGTGGAAAGGACGAAACACCG,CGAACCGCGGCTCCACCGT,gtttAagagctaTGCTGGAAACAGCAtagcaagt,INO80
KDM4B_1,ATCTTGTGGAAAGGACGAAACACCG,CCCTCCGCAAGCGCTCGCG,gtttAagagctaTGCTGGAAACAGCAtagcaagt,KDM4B
KDM4B_2,ATCTTGTGGAAAGGACGAAACACCG,TCGGTCGCCAGCAACCGAG,gtttAagagctaTGCTGGAAACAGCAtagcaagt,KDM4B
KDM4B_3,ATCTTGTGGAAAGGACGAAACACCG,GCACAAAAGATGACAGCGT,gtttAagagctaTGCTGGAAACAGCAtagcaagt,KDM4B
KDM4B_4,ATCTTGTGGAAAGGACGAAACACCG,CCCTCGGCGTCGCACCCCC,gtttAagagctaTGCTGGAAACAGCAtagcaagt,KDM4B
KDM4B_5,ATCTTGTGGAAAGGACGAAACACCG,CGGCGTGCGCGGCCCGGTC,gtttAagagctaTGCTGGAAACAGCAtagcaagt,KDM4B
REST_1,ATCTTGTGGAAAGGACGAAACACCG,TGCGGCTGCCGCGAGCTCG,gtttAagagctaTGCTGGAAACAGCAtagcaagt,REST
REST_2,ATCTTGTGGAAAGGACGAAACACCG,CCACCAGCGCCTGCCTCGG,gtttAagagctaTGCTGGAAACAGCAtagcaagt,REST
REST_3,ATCTTGTGGAAAGGACGAAACACCG,TGGAGTTTCGGGGGAGAGG,gtttAagagctaTGCTGGAAACAGCAtagcaagt,REST
REST_4,ATCTTGTGGAAAGGACGAAACACCG,GGGAGGGCGCGGAAGGACG,gtttAagagctaTGCTGGAAACAGCAtagcaagt,REST
REST_5,ATCTTGTGGAAAGGACGAAACACCG,AGCCCCGGGGCGGTCGGAG,gtttAagagctaTGCTGGAAACAGCAtagcaagt,REST
SMARCA4_1,ATCTTGTGGAAAGGACGAAACACCG,GCAGCCGCTGTAATTGGGA,gtttAagagctaTGCTGGAAACAGCAtagcaagt,SMARCA4
SMARCA4_2,ATCTTGTGGAAAGGACGAAACACCG,ATTGGGAGGGCGACTGTAG,gtttAagagctaTGCTGGAAACAGCAtagcaagt,SMARCA4
SMARCA4_3,ATCTTGTGGAAAGGACGAAACACCG,ggaggcgccgggAAGTCGA,gtttAagagctaTGCTGGAAACAGCAtagcaagt,SMARCA4
SMARCA4_4,ATCTTGTGGAAAGGACGAAACACCG,GTCGCCCTCCCAATTACAG,gtttAagagctaTGCTGGAAACAGCAtagcaagt,SMARCA4
SMARCA4_5,ATCTTGTGGAAAGGACGAAACACCG,GCCGCCGCCGCCAAACGAG,gtttAagagctaTGCTGGAAACAGCAtagcaagt,SMARCA4
STAT6_1,ATCTTGTGGAAAGGACGAAACACCG,CTGCTTACACTGAAGAGGG,gtttAagagctaTGCTGGAAACAGCAtagcaagt,STAT6
STAT6_2,ATCTTGTGGAAAGGACGAAACACCG,CGGAGGCAACCCCTCACCT,gtttAagagctaTGCTGGAAACAGCAtagcaagt,STAT6
STAT6_3,ATCTTGTGGAAAGGACGAAACACCG,AGGAGAAGCCGGAAACAGC,gtttAagagctaTGCTGGAAACAGCAtagcaagt,STAT6
STAT6_4,ATCTTGTGGAAAGGACGAAACACCG,GGACAGAGCTACAGACCTA,gtttAagagctaTGCTGGAAACAGCAtagcaagt,STAT6
STAT6_5,ATCTTGTGGAAAGGACGAAACACCG,GGACCATCCACCCAGCCAG,gtttAagagctaTGCTGGAAACAGCAtagcaagt,STAT6
